{
  "$schema": "https://schema.management.azure.com/schemas/2019-04-01/deploymentTemplate.json#",
  "contentVersion": "1.0.0.0",

  "variables": {
    "uniqueServerName": "[concat('sqlsrv', uniqueString(resourceGroup().id))]",
    "adminLogin": "sqladmin",
    "firewallRule1Name": "AllowIP1",
    "firewallRule2Name": "AllowIP2",
    "dbName": "products"
  },

  "parameters": {
    "adminPassword": {
      "type": "secureString",
      "metadata": {
        "description": "Password for SQL admin user"
      }
    },
    "startIp1": {
      "type": "string",
      "metadata": {
        "description": "Start IP for firewall rule 1"
      }
    },
    "endIp1": {
      "type": "string",
      "metadata": {
        "description": "End IP for firewall rule 1"
      }
    },
    "startIp2": {
      "type": "string",
      "metadata": {
        "description": "Start IP for firewall rule 2"
      }
    },
    "endIp2": {
      "type": "string",
      "metadata": {
        "description": "End IP for firewall rule 2"
      }
    }
  },

  "resources": [
    {
      "type": "Microsoft.Sql/servers",
      "apiVersion": "2022-05-01-preview",
      "name": "[variables('uniqueServerName')]",
      "location": "[resourceGroup().location]",
      "properties": {
        "administratorLogin": "[variables('adminLogin')]",
        "administratorLoginPassword": "[parameters('adminPassword')]",
        "version": "12.0"
      }
    },

    {
      "type": "Microsoft.Sql/servers/firewallRules",
      "apiVersion": "2022-05-01-preview",
      "name": "[concat(variables('uniqueServerName'), '/', variables('firewallRule1Name'))]",
      "dependsOn": [
        "[resourceId('Microsoft.Sql/servers', variables('uniqueServerName'))]"
      ],
      "properties": {
        "startIpAddress": "[parameters('startIp1')]",
        "endIpAddress": "[parameters('endIp1')]"
      }
    },

    {
      "type": "Microsoft.Sql/servers/firewallRules",
      "apiVersion": "2022-05-01-preview",
      "name": "[concat(variables('uniqueServerName'), '/', variables('firewallRule2Name'))]",
      "dependsOn": [
        "[resourceId('Microsoft.Sql/servers', variables('uniqueServerName'))]"
      ],
      "properties": {
        "startIpAddress": "[parameters('startIp2')]",
        "endIpAddress": "[parameters('endIp2')]"
      }
    },

    {
      "type": "Microsoft.Sql/servers/databases",
      "apiVersion": "2022-05-01-preview",
      "name": "[concat(variables('uniqueServerName'), '/', variables('dbName'))]",
      "location": "[resourceGroup().location]",
      "dependsOn": [
        "[resourceId('Microsoft.Sql/servers', variables('uniqueServerName'))]"
      ],
      "sku": {
        "name": "GP_Gen5_2",
        "tier": "GeneralPurpose",
        "family": "Gen5",
        "capacity": 2
      },
      "properties": {
        "maxSizeBytes": "1073741824"
      }
    }
  ],

  "outputs": {
    "sqlServerName": {
      "type": "string",
      "value": "[variables('uniqueServerName')]"
    },
    "databaseName": {
      "type": "string",
      "value": "[variables('dbName')]"
    }
  }
}
